"0","andersen_data <- read_csv(""http://labs.statsbiblioteket.dk/labsapi/api/aviser/export/fields?query=%22h%20c%20andersen%22%20AND%20py%3A%5B1855%20TO%201875%5D%20AND%20pu%3A%28%C3%A5rhus%20OR%20odense%29&fields=link&fields=recordID&fields=timestamp&fields=pwa&fields=cer&fields=fulltext_org&fields=pageUUID&fields=editionUUID&fields=titleUUID&fields=editionId&fields=familyId&fields=newspaper_page&fields=newspaper_edition&fields=lplace&fields=location_name&fields=location_coordinates&max=-1&structure=header&structure=content&format=CSV"")"
"2","[1mRows: [22m[34m1051[39m [1mColumns: [22m[34m16[39m"
"2","[36m──[39m [1mColumn specification[22m [36m─────────────────────────────────────────────────────────────────────────────────────────────────────────[39m
[1mDelimiter:[22m "",""
[31mchr[39m  (11): link, recordID, fulltext_org, pageUUID, editionUUID, titleUUID, editionId, familyId, lplace, location_name, locati...
[32mdbl[39m   (4): pwa, cer, newspaper_page, newspaper_edition
[34mdttm[39m  (1): timestamp"
"2","
[36mℹ[39m Use `spec()` to retrieve the full column specification for this data.
[36mℹ[39m Specify the column types or set `show_col_types = FALSE` to quiet this message."
