{"chunk_definitions":[{"row":9,"row_count":1,"visible":true,"expansion_state":0,"options":{"engine":"r","label":"setup","include":false},"document_id":"43BB9D1D","chunk_id":"csetup_chunk","chunk_label":"setup"},{"row":30,"row_count":1,"visible":true,"expansion_state":0,"options":{"engine":"r","label":"unnamed-chunk-1"},"document_id":"43BB9D1D","chunk_id":"cjrt4as3sy92b","chunk_label":"unnamed-chunk-1"},{"row":37,"row_count":1,"visible":true,"expansion_state":0,"options":{},"document_id":"43BB9D1D","chunk_id":"cf4l7jq32nmv5","chunk_label":"unnamed-chunk-2"},{"row":46,"row_count":1,"visible":true,"expansion_state":0,"options":{},"document_id":"43BB9D1D","chunk_id":"czf4tg69jay3t","chunk_label":"unnamed-chunk-3"},{"row":54,"row_count":1,"visible":true,"expansion_state":0,"options":{},"document_id":"43BB9D1D","chunk_id":"ccyrez7go3htc","chunk_label":"unnamed-chunk-4"},{"row":62,"row_count":1,"visible":true,"expansion_state":0,"options":{},"document_id":"43BB9D1D","chunk_id":"cux8ei6cvdx1o","chunk_label":"unnamed-chunk-5"},{"row":75,"row_count":1,"visible":true,"expansion_state":0,"options":{},"document_id":"43BB9D1D","chunk_id":"cad8u5zisrkch","chunk_label":"unnamed-chunk-6"},{"row":89,"row_count":1,"visible":true,"expansion_state":0,"options":{},"document_id":"43BB9D1D","chunk_id":"co58k9niwtrsd","chunk_label":"unnamed-chunk-7"},{"row":98,"row_count":1,"visible":true,"expansion_state":0,"options":{},"document_id":"43BB9D1D","chunk_id":"cgsdpa63n7cef","chunk_label":"unnamed-chunk-8"},{"row":106,"row_count":1,"visible":true,"expansion_state":0,"options":{},"document_id":"43BB9D1D","chunk_id":"c4cpu3p97vl5z","chunk_label":"unnamed-chunk-9"},{"row":114,"row_count":1,"visible":true,"expansion_state":0,"options":{},"document_id":"43BB9D1D","chunk_id":"cvzxmvyv1wxjb","chunk_label":"unnamed-chunk-10"},{"row":123,"row_count":1,"visible":true,"expansion_state":0,"options":{},"document_id":"43BB9D1D","chunk_id":"cbdtvnqivr0ww","chunk_label":"unnamed-chunk-11"},{"row":132,"row_count":1,"visible":true,"expansion_state":0,"options":{},"document_id":"43BB9D1D","chunk_id":"cf7hxwnss96bx","chunk_label":"unnamed-chunk-12"},{"row":147,"row_count":1,"visible":true,"expansion_state":0,"options":{},"document_id":"43BB9D1D","chunk_id":"ce0itlysch61y","chunk_label":"unnamed-chunk-13"}],"doc_write_time":1673229468}